{
    "loss": 0.21607616543769836, 
    "accuracy": 0.8999999761581421
}