{
    "loss": 0.17292197048664093, 
    "accuracy": 0.9537037014961243
}